{
  "f1": 0.47619047619047616,
  "accuracy": 0.9784735812133072,
  "precision": 0.5147058823529411,
  "recall": 0.4430379746835443,
  "best_params": {
    "dt__criterion": "entropy",
    "dt__max_depth": null,
    "dt__min_samples_leaf": 5,
    "dt__min_samples_split": 2
  }
}