{
  "f1": 0.3787878787878788,
  "accuracy": 0.977075761811574,
  "precision": 0.4716981132075472,
  "recall": 0.31645569620253167,
  "best_params": {
    "dt__criterion": "gini",
    "dt__max_depth": 5,
    "dt__min_samples_leaf": 1,
    "dt__min_samples_split": 5
  }
}