{
  "f1": 0.1470292044310171,
  "accuracy": 0.7632093933463796,
  "precision": 0.07986870897155361,
  "recall": 0.9240506329113924,
  "best_params": {
    "svm__C": 0.1,
    "svm__loss": "hinge"
  }
}