{
  "f1": 0.15575620767494355,
  "accuracy": 0.7908862175006989,
  "precision": 0.08550185873605948,
  "recall": 0.8734177215189873,
  "best_params": {
    "svm__C": 10.0,
    "svm__loss": "hinge"
  }
}