{
  "f1": 0.48484848484848486,
  "accuracy": 0.9809896561364272,
  "precision": 0.6037735849056604,
  "recall": 0.4050632911392405,
  "best_params": {
    "dt__criterion": "entropy",
    "dt__max_depth": 5,
    "dt__min_samples_leaf": 5,
    "dt__min_samples_split": 2
  }
}