{
  "f1": 0.4,
  "accuracy": 0.9781940173329606,
  "precision": 0.5098039215686274,
  "recall": 0.3291139240506329,
  "best_params": {
    "dt__criterion": "entropy",
    "dt__max_depth": 7,
    "dt__min_samples_leaf": 1,
    "dt__min_samples_split": 10
  }
}