{
  "f1": 0.14343434343434344,
  "accuracy": 0.7629298294660329,
  "precision": 0.07793633369923161,
  "recall": 0.8987341772151899,
  "best_params": {
    "svm__C": 0.1,
    "svm__loss": "hinge"
  }
}