{
  "f1": 0.40310077519379844,
  "accuracy": 0.9784735812133072,
  "precision": 0.52,
  "recall": 0.3291139240506329,
  "best_params": {
    "dt__criterion": "entropy",
    "dt__max_depth": 7,
    "dt__min_samples_leaf": 2,
    "dt__min_samples_split": 10
  }
}