{
  "f1": 0.16081540203850508,
  "accuracy": 0.7928431646631255,
  "precision": 0.08830845771144279,
  "recall": 0.8987341772151899,
  "best_params": {
    "svm__C": 10.0,
    "svm__loss": "hinge"
  }
}