{
  "f1": 0.3380281690140845,
  "accuracy": 0.9737209952474141,
  "precision": 0.38095238095238093,
  "recall": 0.3037974683544304,
  "best_params": {
    "dt__criterion": "entropy",
    "dt__max_depth": null,
    "dt__min_samples_leaf": 5,
    "dt__min_samples_split": 2
  }
}