{
  "f1": 0.1470888661899898,
  "accuracy": 0.7665641599105396,
  "precision": 0.08,
  "recall": 0.9113924050632911,
  "best_params": {
    "svm__C": 0.1,
    "svm__loss": "hinge"
  }
}