{
  "f1": 0.3262411347517731,
  "accuracy": 0.9734414313670674,
  "precision": 0.3709677419354839,
  "recall": 0.2911392405063291,
  "best_params": {
    "dt__criterion": "entropy",
    "dt__max_depth": null,
    "dt__min_samples_leaf": 5,
    "dt__min_samples_split": 2
  }
}