{
  "f1": 0.417910447761194,
  "accuracy": 0.9781940173329606,
  "precision": 0.509090909090909,
  "recall": 0.35443037974683544,
  "best_params": {
    "dt__criterion": "gini",
    "dt__max_depth": 3,
    "dt__min_samples_leaf": 1,
    "dt__min_samples_split": 2
  }
}