{
  "f1": 0.1457905544147844,
  "accuracy": 0.7674028515515795,
  "precision": 0.07932960893854749,
  "recall": 0.8987341772151899,
  "best_params": {
    "svm__C": 10.0,
    "svm__loss": "hinge"
  }
}