{
  "f1": 0.1675,
  "accuracy": 0.8138104556891249,
  "precision": 0.09292649098474341,
  "recall": 0.8481012658227848,
  "best_params": {
    "svm__C": 10.0,
    "svm__loss": "hinge"
  }
}