{
  "f1": 0.1547085201793722,
  "accuracy": 0.789208834218619,
  "precision": 0.08487084870848709,
  "recall": 0.8734177215189873,
  "best_params": {
    "svm__C": 10.0,
    "svm__loss": "hinge"
  }
}