{
  "f1": 0.15517241379310345,
  "accuracy": 0.7808219178082192,
  "precision": 0.08480565371024736,
  "recall": 0.9113924050632911,
  "best_params": {
    "svm__C": 1.0,
    "svm__loss": "hinge"
  }
}