{
  "f1": 0.14634146341463414,
  "accuracy": 0.7651663405088063,
  "precision": 0.07955801104972375,
  "recall": 0.9113924050632911,
  "best_params": {
    "svm__C": 10.0,
    "svm__loss": "hinge"
  }
}