{
  "f1": 0.36507936507936506,
  "accuracy": 0.9776348895722673,
  "precision": 0.48936170212765956,
  "recall": 0.2911392405063291,
  "best_params": {
    "dt__criterion": "gini",
    "dt__max_depth": 3,
    "dt__min_samples_leaf": 1,
    "dt__min_samples_split": 2
  }
}