{
  "f1": 0.0870712401055409,
  "accuracy": 0.6130835896002237,
  "precision": 0.04592901878914405,
  "recall": 0.8354430379746836,
  "best_params": {
    "svm__C": 1.0,
    "svm__loss": "hinge"
  }
}