{
  "f1": 0.15536105032822758,
  "accuracy": 0.7841766843723791,
  "precision": 0.08502994011976048,
  "recall": 0.8987341772151899,
  "best_params": {
    "svm__C": 0.1,
    "svm__loss": "hinge"
  }
}