{
  "f1": 0.14501510574018128,
  "accuracy": 0.7626502655856864,
  "precision": 0.0787746170678337,
  "recall": 0.9113924050632911,
  "best_params": {
    "svm__C": 10.0,
    "svm__loss": "hinge"
  }
}