{
  "f1": 0.08874598070739549,
  "accuracy": 0.6038579815487839,
  "precision": 0.046747967479674794,
  "recall": 0.8734177215189873,
  "best_params": {
    "svm__C": 10.0,
    "svm__loss": "hinge"
  }
}