{
  "f1": 0.14564102564102563,
  "accuracy": 0.7671232876712328,
  "precision": 0.07924107142857142,
  "recall": 0.8987341772151899,
  "best_params": {
    "svm__C": 0.1,
    "svm__loss": "hinge"
  }
}