{
  "f1": 0.14489795918367346,
  "accuracy": 0.7657254682694996,
  "precision": 0.07880133185349611,
  "recall": 0.8987341772151899,
  "best_params": {
    "svm__C": 0.1,
    "svm__loss": "hinge"
  }
}