{
  "f1": 0.34782608695652173,
  "accuracy": 0.9790327089740005,
  "precision": 0.5555555555555556,
  "recall": 0.25316455696202533,
  "best_params": {
    "dt__criterion": "entropy",
    "dt__max_depth": 7,
    "dt__min_samples_leaf": 5,
    "dt__min_samples_split": 2
  }
}