{
  "f1": 0.14732593340060546,
  "accuracy": 0.7637685211070729,
  "precision": 0.0800438596491228,
  "recall": 0.9240506329113924,
  "best_params": {
    "svm__C": 0.1,
    "svm__loss": "hinge"
  }
}