{
  "f1": 0.35658914728682173,
  "accuracy": 0.9767961979312273,
  "precision": 0.46,
  "recall": 0.2911392405063291,
  "best_params": {
    "dt__criterion": "gini",
    "dt__max_depth": 7,
    "dt__min_samples_leaf": 1,
    "dt__min_samples_split": 10
  }
}